lat_lon,lat,lon,1,2,3,4,5
41-47,41.7062,47.8866,,,,1.0,
41-48,41.8798,48.3523,,,,1.0,
42-130,42.70093333333333,130.83303333333333,3.0,,,,
42-132,42.89714,132.70464,,,,4.0,1.0
42-133,42.80261111111111,133.2032,1.0,,1.0,3.0,4.0
42-44,42.8462,44.6295,,,,1.0,
43-131,43.45773200000001,131.833944,15.0,,,7.0,3.0
43-132,43.42997272727273,132.3989772727273,6.0,,1.0,6.0,9.0
43-133,43.22910909090909,133.2254,,,,6.0,5.0
43-134,43.54235,134.55565,,,2.0,,
43-41,43.869324999999996,41.657624999999996,,,1.0,3.0,
43-42,43.91676666666667,42.44311111111111,,,,9.0,
43-43,43.8884,43.35315,,,,4.0,
43-44,43.399463636363635,44.30145454545454,1.0,,,10.0,
43-45,43.4651,45.1297,,,,1.0,
43-47,43.6893,47.5648,,,,1.0,
44-131,44.44124761904762,131.64999523809524,13.0,,1.0,5.0,2.0
44-132,44.49818148148148,132.35451481481482,12.0,,1.0,7.0,7.0
44-133,44.78198888888889,133.27535555555556,2.0,,2.0,3.0,2.0
44-135,44.25346666666667,135.4912,3.0,,,,
44-136,44.8154,136.2217,,,2.0,,
44-37,44.7368,37.803,,,1.0,,
44-38,44.9338,38.8881,,,,1.0,
44-39,44.89845714285714,39.39201428571429,,,,5.0,2.0
44-40,44.393452631578945,40.528436842105265,3.0,,,16.0,
44-41,44.32037499999999,41.4080625,1.0,,,23.0,
44-42,44.386825,42.188225,,,,4.0,
44-44,44.3952,44.7598,,,,1.0,
44-45,44.2621,45.4221,,,,1.0,
44-46,44.47855,46.70895,1.0,,,,1.0
45-133,45.46601724137932,133.55628275862068,5.0,,2.0,12.0,10.0
45-134,45.82619,134.48759,,,1.0,7.0,2.0
45-37,45.467800000000004,37.73224000000001,8.0,,1.0,21.0,
45-38,45.55861219512195,38.35797317073171,3.0,,1.0,35.0,2.0
45-39,45.394,39.7217,1.0,,,3.0,1.0
45-40,45.541137500000005,40.524375,,,,8.0,
45-41,45.39555000000001,41.49948333333332,,,,12.0,
45-42,45.8838,42.211749999999995,,,,2.0,
45-43,45.1993,43.87165,,,1.0,1.0,
45-45,45.079049999999995,45.54835,,,,2.0,
45-47,45.56546666666667,47.46741666666666,,,,5.0,1.0
46-133,46.09844,133.91154,,,1.0,3.0,1.0
46-134,46.3697,134.2757238095238,2.0,,,14.0,5.0
46-37,46.4065,37.9783,,,,1.0,
46-38,46.37059000000001,38.48942,,,1.0,9.0,
46-39,46.63805,39.532133333333334,,,,6.0,
46-40,46.4431875,40.508587500000004,1.0,,,15.0,
46-41,46.742875,41.253750000000004,2.0,,,2.0,
46-42,46.1492,42.08435,,,,2.0,
46-46,46.6025,46.3214,,,,1.0,
46-47,46.2696,47.299699999999994,,,3.0,2.0,
46-48,46.4468,48.265620000000006,,,2.0,3.0,
47-131,47.884744999999995,131.61733000000004,,,5.0,15.0,
47-132,47.84859999999999,132.36649,,,3.0,16.0,1.0
47-134,47.58637142857143,134.74957142857141,,,,13.0,1.0
47-135,47.912725,135.407425,,,,3.0,5.0
47-137,47.895057142857134,137.6918857142857,1.0,,5.0,1.0,
47-138,47.798300000000005,138.401825,,,4.0,,
47-142,47.3325,142.5643,,,1.0,,
47-38,47.484425,38.70395,,,,4.0,
47-39,47.4362,39.497005882352944,,,,17.0,
47-40,47.24847777777778,40.59872222222222,,,,9.0,
47-41,47.453693333333334,41.352740000000004,,,,15.0,
47-42,47.51351428571429,42.37438571428571,,,1.0,6.0,
47-43,47.78158333333334,43.335816666666666,1.0,,,5.0,
47-45,47.3474,45.2023,,,,1.0,
47-46,47.727,46.5876,,,,1.0,
47-47,47.15285,47.37605,,,,2.0,
47-48,47.30199999999999,48.132225,,,4.0,,
48-130,48.95236666666667,130.63823333333335,,,1.0,5.0,
48-131,48.92903333333333,131.58189333333334,,,3.0,12.0,
48-132,48.526565,132.52218,,,7.0,13.0,
48-133,48.61445,133.73445,,,,6.0,
48-134,48.549912903225795,134.73214193548387,1.0,,3.0,25.0,2.0
48-135,48.46955599999999,135.34098,,,3.0,16.0,6.0
48-136,48.9359,136.1343,1.0,,,,
48-137,48.290166666666664,137.17392222222225,1.0,,17.0,,
48-138,48.752362500000004,138.2741875,,,8.0,,
48-139,48.68214677419355,139.63904193548387,,,59.0,3.0,
48-140,48.51355,140.01645,,,3.0,1.0,
48-39,48.7608,39.7824,,,,1.0,
48-40,48.27753333333334,40.52623333333333,,,1.0,2.0,
48-41,48.012,41.0995,,,,1.0,
48-42,48.36326666666667,42.600477777777776,5.0,,,4.0,
48-43,48.391108333333335,43.407383333333335,3.0,,,9.0,
48-44,48.51685,44.527375,,,3.0,9.0,
48-45,48.46062500000001,45.318075,,,,4.0,
48-46,48.84983333333333,46.31139999999999,,,,3.0,
49-112,49.58686666666667,112.10106666666667,3.0,,,,
49-113,49.96478888888889,113.09766666666667,1.0,,6.0,2.0,
49-115,49.991,115.9527,,,,,1.0
49-116,49.9203,116.67556666666667,3.0,,,,
49-117,49.72843999999999,117.24154000000001,5.0,,,,
49-118,49.7023,118.0198,1.0,,,,
49-127,49.81535555555555,127.79227777777777,2.0,,2.0,5.0,
49-128,49.74556666666667,128.61316666666664,3.0,,5.0,1.0,
49-129,49.72567272727272,129.58174545454546,3.0,,3.0,5.0,
49-130,49.25461,130.39096999999998,,,3.0,7.0,
49-131,49.049407692307696,131.72506153846155,,,2.0,11.0,
49-132,49.35802173913043,132.43775652173912,,,8.0,15.0,
49-133,49.289,133.0727,,,1.0,,
49-134,49.666378571428574,134.33008571428573,,,6.0,8.0,
49-135,49.7006625,135.2779,,,6.0,2.0,
49-136,49.47280000000001,136.6464052631579,,,4.0,15.0,
49-137,49.9705,137.86825,,,2.0,,
49-138,49.3521709090909,138.33144909090908,1.0,,52.0,2.0,
49-139,49.74360196078431,139.52833725490197,,,50.0,1.0,
49-140,49.90523947368421,140.3827078947368,,,37.0,1.0,
49-143,49.93002222222222,143.62125555555554,,,9.0,,
49-39,49.6567,39.8111,,,,1.0,
49-41,49.6658,41.697649999999996,,,,2.0,
49-42,49.569,42.297650000000004,,,,2.0,
49-43,49.531,43.0503,,,1.0,,
49-44,49.0227,44.2406,,,,1.0,
49-46,49.1172,46.4314,,,1.0,,
49-48,49.9895,48.4014,,,,1.0,
49-85,49.62783333333334,85.47233333333332,,,1.0,2.0,
49-97,49.89852500000001,97.14725,2.0,,6.0,,
50-102,50.87392400000001,102.515236,3.0,,17.0,5.0,
50-103,50.63453636363636,103.67874848484848,6.0,,22.0,5.0,
50-104,50.41405588235294,104.42596176470589,6.0,,25.0,3.0,
50-105,50.58143333333333,105.25959999999999,1.0,,2.0,,
50-106,50.6078,106.2073,,,1.0,,
50-107,50.6519,107.5942,1.0,,,,
50-113,50.856925000000004,113.163375,,,4.0,,
50-114,50.6661,114.2812,1.0,,,,
50-115,50.51682,115.65234000000001,5.0,,,,
50-116,50.36313,116.25094999999999,8.0,,,,2.0
50-117,50.20413333333332,117.64697333333334,14.0,,,1.0,
50-118,50.52854615384616,118.46181538461539,12.0,,1.0,,
50-119,50.648799999999994,119.1564,4.0,,,,
50-127,50.278325,127.73264375,1.0,,10.0,5.0,
50-128,50.45099375,128.49864687500002,1.0,,12.0,19.0,
50-129,50.63855,129.19665,,,,2.0,
50-130,50.350213636363634,130.62363181818182,5.0,,16.0,1.0,
50-131,50.69905714285714,131.42922857142858,,,5.0,2.0,
50-132,50.910498245614036,132.69060877192982,,,52.0,5.0,
50-133,50.82114,133.106,,,4.0,1.0,
50-134,50.296827272727256,134.7263272727273,2.0,,20.0,,
50-135,50.137461111111115,135.31455,,,18.0,,
50-136,50.35091578947369,136.25819473684217,,5.0,30.0,3.0,
50-137,50.618221666666656,137.29024833333332,,,52.0,8.0,
50-138,50.455159375,138.28775625,,,32.0,,
50-139,50.700515217391306,139.50884673913043,3.0,,88.0,1.0,
50-140,50.502402013422824,140.22912281879195,1.0,,145.0,3.0,
50-142,50.190495652173915,142.58688260869565,2.0,,17.0,4.0,
50-143,50.60019032258065,143.32562258064516,2.0,,25.0,3.0,1.0
50-41,50.4809,41.5023,,,,1.0,
50-42,50.28101666666666,42.31308333333333,1.0,,1.0,4.0,
50-43,50.2902,43.248149999999995,,,1.0,1.0,
50-44,50.8443,44.5221,,,,1.0,
50-46,50.342600000000004,46.439499999999995,,,,2.0,
50-47,50.9058,47.40375,,,,2.0,
50-48,50.64978,48.54795,4.0,,,6.0,
50-55,50.7636,55.86600000000001,,,,3.0,
50-56,50.9814,56.1592,,,,1.0,
50-57,50.96705,57.54835,,,,2.0,
50-59,50.945,59.5265,,,,1.0,
50-60,50.80805,60.817750000000004,,,,2.0,
50-81,50.905966666666664,81.7659,2.0,,1.0,,
50-84,50.447874999999996,84.399275,,,2.0,2.0,
50-85,50.1777,85.53365,,,2.0,,
50-86,50.806749999999994,86.43690000000001,1.0,,1.0,,
50-87,50.6477,87.6101,,,1.0,,
50-88,50.920366666666666,88.2879,,,1.0,2.0,
50-91,50.8921,91.3611,,,1.0,,
50-92,50.9264,92.2413,,,1.0,,
50-93,50.6465,93.28070000000001,3.0,,,,
50-94,50.8431,94.8698,1.0,,,,
50-95,50.9054,95.9781,,,1.0,,
51-101,51.71023333333334,101.57673333333332,2.0,,4.0,,
51-104,51.9492,104.0961,,,1.0,,
51-106,51.0878,106.7759,,,1.0,,
51-107,51.6054,107.4194,,,1.0,,
51-108,51.595079999999996,108.42867000000001,1.0,,8.0,1.0,
51-109,51.347,109.05935,1.0,,1.0,,
51-113,51.9906,113.2084,1.0,,,,
51-114,51.469350000000006,114.38137499999999,4.0,,,,
51-115,51.8355,115.9965,1.0,,,,
51-116,51.61935,116.81885,2.0,,,,
51-117,51.677260000000004,117.54602,3.0,,2.0,,
51-119,51.525709090909096,119.28244545454545,10.0,,1.0,,
51-126,51.9913,126.9181,,,,1.0,
51-127,51.48849285714285,127.41371428571429,,,8.0,6.0,
51-128,51.523481818181814,128.2730909090909,2.0,,5.0,4.0,
51-129,51.24331538461537,129.87854615384614,2.0,,7.0,4.0,
51-130,51.36015135135135,130.3020243243243,1.0,,29.0,7.0,
51-131,51.795963636363645,131.3126090909091,2.0,,9.0,,
51-132,51.30157619047619,132.56426666666667,6.0,,92.0,7.0,
51-133,51.57070810810812,133.51148648648652,,,32.0,5.0,
51-134,51.4694375,134.653671875,1.0,,27.0,4.0,
51-135,51.35651882352941,135.3741494117647,,,81.0,4.0,
51-136,51.210611111111106,136.2611888888889,,,18.0,,
51-137,51.55169193548387,137.49371532258067,3.0,,112.0,9.0,
51-138,51.43613279999999,138.43507200000002,,,121.0,4.0,
51-139,51.43241901840491,139.63538773006135,4.0,,126.0,33.0,
51-140,51.29128765432098,140.2324209876543,1.0,,75.0,5.0,
51-34,51.9988,34.3661,,,,1.0,
51-35,51.6786,35.6751,,,1.0,,
51-39,51.531975,39.4148,,,2.0,,2.0
51-47,51.58825,47.47855,,,,2.0,
51-48,51.493939999999995,48.945499999999996,1.0,,,3.0,1.0
51-49,51.75885,49.300174999999996,1.0,,,2.0,1.0
51-50,51.403,50.08005,,,,2.0,
51-51,51.7799,51.9134,1.0,,,,
51-52,51.9409,52.5377,,,,,1.0
51-54,51.279237499999994,54.75965,,,3.0,5.0,
51-55,51.3003,55.430075,,,,4.0,
51-56,51.49053333333333,56.49715,,,,5.0,1.0
51-57,51.29632222222223,57.587733333333325,,,,9.0,
51-58,51.37535,58.622775,,,1.0,3.0,
51-59,51.45322,59.54467999999999,,,,9.0,1.0
51-60,51.20283333333333,60.62520000000001,,,,2.0,1.0
51-61,51.0608,61.2262,,,,1.0,
51-80,51.380118181818176,80.19317272727272,10.0,,1.0,,
51-81,51.42761111111111,81.58538888888889,8.0,,1.0,,
51-82,51.71073333333334,82.66756666666667,3.0,,,,
51-83,51.92565,83.574025,4.0,,,,
51-85,51.82815,85.34020000000001,,,2.0,,
51-86,51.0298,86.0577,,,1.0,,
51-87,51.4476,87.7048,,,1.0,,
51-89,51.3595,89.4123,,,2.0,,
51-90,51.54526666666666,90.58719393939394,,,27.0,6.0,
51-91,51.461013333333334,91.28403333333334,,,14.0,1.0,
51-92,51.66965714285713,92.81731428571429,,,13.0,1.0,
51-93,51.61456842105264,93.43643684210525,1.0,,16.0,2.0,
51-95,51.41542,95.54350000000001,1.0,,4.0,,
51-96,51.128,96.7136,1.0,,,,
51-97,51.96661666666666,97.26529999999998,1.0,,5.0,,
52-102,52.947766666666666,102.44026666666666,,,3.0,,
52-103,52.63582,103.508104,7.0,,13.0,4.0,1.0
52-104,52.57948571428572,104.3335857142857,6.0,,5.0,2.0,1.0
52-106,52.3106,106.706,1.0,,,,
52-110,52.3504,110.9082,1.0,,,,
52-111,52.8204,111.8548,1.0,,,,
52-112,52.5718,112.8179,,,,,1.0
52-113,52.65275,113.18165,,,,,4.0
52-114,52.006,114.9938,1.0,,,,
52-115,52.250725,115.414475,4.0,,,,
52-116,52.348000000000006,116.3644,3.0,,,,
52-117,52.610653846153845,117.37813846153846,1.0,,12.0,,
52-125,52.91993333333334,125.79156666666667,,,2.0,1.0,
52-126,52.85671666666667,126.42269999999998,,,6.0,6.0,
52-127,52.370525,127.390075,,,6.0,2.0,
52-130,52.30091875,130.6683125,2.0,,20.0,10.0,
52-131,52.37119255319149,131.58165,2.0,1.0,130.0,55.0,
52-132,52.689018181818184,132.23812272727272,,,5.0,17.0,
52-133,52.29200555555556,133.59247222222223,1.0,,29.0,6.0,
52-134,52.89367142857144,134.34035714285713,,,6.0,1.0,
52-135,52.530063636363636,135.3829272727273,,,8.0,3.0,
52-136,52.516141463414634,136.49103577235775,,,99.0,24.0,
52-137,52.53638401937047,137.6111053268765,1.0,,232.0,180.0,
52-138,52.60907424242424,138.36996136363638,,,186.0,210.0,
52-139,52.598136805555555,139.5002923611111,2.0,,188.0,98.0,
52-140,52.69397602339182,140.48071754385967,,,80.0,91.0,
52-32,52.6706,32.5814,,,,1.0,
52-34,52.1614,34.2719,,,,,1.0
52-38,52.6414,38.1881,1.0,,,,
52-39,52.2991,39.859,1.0,,,,
52-43,52.631566666666664,43.562466666666666,,,,3.0,
52-44,52.40865,44.35075,,,,1.0,1.0
52-47,52.712,47.1227,,,,1.0,
52-48,52.550088888888894,48.73164444444444,2.0,,,6.0,1.0
52-49,52.162549999999996,49.51005,1.0,,,1.0,
52-50,52.6836,50.4795,,,,,1.0
52-51,52.63863333333333,51.44136666666666,1.0,,,2.0,
52-52,52.57665,52.7982,,,,2.0,
52-54,52.9204,54.5426,,,,1.0,
52-55,52.4781,55.541250000000005,,,,2.0,
52-57,52.9305,57.4977,,,,1.0,
52-58,52.411199999999994,58.57465,,,1.0,1.0,
52-59,52.66416666666667,59.454183333333326,,,5.0,5.0,2.0
52-60,52.69966923076924,60.326684615384615,1.0,,10.0,2.0,
52-78,52.857074999999995,78.70465,4.0,,,,
52-79,52.65083333333333,79.75118333333334,6.0,,,,
52-80,52.80189,80.61281,7.0,,1.0,2.0,
52-81,52.898599999999995,81.29593333333334,2.0,,1.0,,
52-82,52.53145,82.48795000000001,9.0,,3.0,,
52-83,52.24015,83.537425,2.0,,2.0,,
52-84,52.06412,84.48479999999999,5.0,,,,
52-85,52.9581,85.801,,1.0,,,
52-87,52.1566,87.0342,,,1.0,,
52-89,52.7101,89.7484,,,1.0,,
52-90,52.9154,90.2029,1.0,,,,
52-91,52.61915,91.0457,2.0,,,,
52-92,52.35999999999999,92.48066666666666,2.0,,1.0,,
52-93,52.40805471698113,93.48006226415094,3.0,,45.0,5.0,
52-94,52.102524,94.456492,,,25.0,,
52-95,52.8736619047619,95.51299999999999,,,21.0,,
52-96,52.482769230769236,96.76969615384616,,,26.0,,
52-97,52.1756625,97.4318375,,,8.0,,
52-98,52.82027500000001,98.577,,,4.0,,
53-101,53.59805,101.6896125,1.0,,7.0,,
53-102,53.8076375,102.10795,2.0,,5.0,1.0,
53-103,53.42651111111112,103.53785555555555,2.0,,7.0,,
53-104,53.30615,104.354025,,,4.0,,
53-105,53.587599999999995,105.64672,1.0,,2.0,,2.0
53-109,53.6644,109.986,,,,1.0,
53-110,53.398720000000004,110.27196,,,5.0,,
53-112,53.19655,112.2954,2.0,,,,
53-121,53.80654166666667,121.63698333333333,1.0,,9.0,2.0,
53-122,53.75781666666667,122.64784523809524,,,38.0,4.0,
53-123,53.67820360360361,123.5451198198198,10.0,,89.0,12.0,
53-124,53.60136204379562,124.58100000000002,6.0,,118.0,12.0,1.0
53-125,53.585776744186056,125.32517209302326,7.0,,27.0,9.0,
53-126,53.29396666666666,126.64772222222223,,,3.0,6.0,
53-127,53.50841333333334,127.44849666666666,5.0,,18.0,7.0,
53-128,53.68638000000001,128.9493,,,2.0,3.0,
53-129,53.912349999999996,129.29660833333332,,,9.0,3.0,
53-130,53.937,130.7169,,,1.0,,
53-131,53.6583,131.52184285714284,,,5.0,2.0,
53-132,53.2132125,132.42454166666667,,,5.0,19.0,
53-133,53.45609677419354,133.4628548387097,2.0,,23.0,6.0,
53-134,53.52825,134.084925,,,7.0,1.0,
53-135,53.3457,135.1619333333333,,,1.0,2.0,
53-136,53.19301515151515,136.78392727272728,,,11.0,22.0,
53-137,53.09623731343283,137.6950223880597,1.0,,19.0,47.0,
53-138,53.41159667896678,138.60966199261992,,,92.0,179.0,
53-139,53.6400417218543,139.35381390728475,1.0,,17.0,284.0,
53-140,53.14663950617283,140.1300086419753,,,42.0,39.0,
53-142,53.119566666666664,142.53051111111114,,,17.0,1.0,
53-158,53.299040000000005,158.35853000000003,,,6.0,4.0,
53-159,53.1256,159.11239999999998,,,,2.0,
53-31,53.1087,31.6208,,,,1.0,
53-38,53.8723,38.605,1.0,,,,
53-39,53.85985,39.482600000000005,,,1.0,,1.0
53-45,53.4272,45.3354,,,,1.0,
53-47,53.21763333333333,47.73206666666667,1.0,,,2.0,
53-49,53.569975,49.347624999999994,2.0,,,1.0,1.0
53-51,53.4351,51.467299999999994,1.0,,,1.0,
53-56,53.4739,56.3677,,,,1.0,
53-58,53.321,58.6304,,,,1.0,
53-59,53.29132,59.46939999999999,,,3.0,7.0,
53-60,53.48253809523809,60.541195238095234,,,9.0,11.0,1.0
53-61,53.22042727272728,61.55319090909091,,,4.0,7.0,
53-62,53.0974,62.0406,,,,1.0,
53-73,53.843925,73.81235,3.0,,,1.0,
53-74,53.8458,74.12929,7.0,,2.0,1.0,
53-76,53.9627,76.6474,1.0,,,,
53-77,53.59426410256412,77.6512871794872,38.0,,1.0,,
53-78,53.64428070175439,78.50345087719298,57.0,,,,
53-79,53.636064000000005,79.709714,48.0,,2.0,,
53-80,53.378846153846155,80.4297435897436,34.0,,5.0,,
53-81,53.468638461538454,81.5585423076923,24.0,,2.0,,
53-82,53.64897826086957,82.40729999999999,13.0,,10.0,,
53-83,53.47212105263157,83.59088421052633,9.0,,10.0,,
53-84,53.50831000000001,84.74377,1.0,,9.0,,
53-85,53.614371428571424,85.23037142857143,4.0,,3.0,,
53-86,53.94835,86.68015,1.0,,1.0,,
53-87,53.74375,87.60856666666666,,,4.0,1.0,1.0
53-90,53.562650000000005,90.469775,1.0,,1.0,2.0,
53-91,53.36504,91.47354,4.0,,1.0,,
53-92,53.70113636363636,92.62353636363636,,,10.0,1.0,
53-93,53.7524,93.0351,,,2.0,,
53-96,53.0304875,96.536775,2.0,,14.0,,
54-100,54.51772156862745,100.54320588235294,7.0,,39.0,3.0,2.0
54-101,54.22892999999999,101.36598000000001,2.0,,13.0,5.0,
54-102,54.48763076923077,102.24010769230767,2.0,,10.0,1.0,
54-105,54.6736,105.1894,,,1.0,,
54-110,54.5074,110.433,,,,,1.0
54-120,54.546,120.1613,,,1.0,,
54-121,54.009550000000004,121.88759999999999,1.0,,1.0,,
54-122,54.44686610169492,122.59461016949153,,,52.0,6.0,1.0
54-123,54.30288292682927,123.56330487804878,3.0,,109.0,9.0,2.0
54-124,54.46305263157895,124.32162105263157,1.0,,17.0,1.0,
54-125,54.689924999999995,125.271825,,,4.0,,
54-126,54.42691818181818,126.49661818181818,,,8.0,3.0,
54-127,54.31644,127.63216500000001,,,17.0,3.0,
54-128,54.36155384615385,128.10623846153845,,,8.0,5.0,
54-129,54.44332857142856,129.51495238095237,,,19.0,2.0,
54-130,54.44264375,130.363825,,,26.0,6.0,
54-131,54.443667647058824,131.53131176470586,,,30.0,4.0,
54-132,54.52079393939393,132.4871878787879,1.0,,25.0,7.0,
54-133,54.32053846153847,133.42798205128204,,,36.0,3.0,
54-134,54.87683333333334,134.58685555555556,,,17.0,1.0,
54-135,54.703066666666665,135.09013333333334,,,1.0,2.0,
54-139,54.04874459459459,139.61839864864865,,,11.0,63.0,
54-158,54.0567,158.0553,,,,1.0,
54-159,54.328624999999995,159.15995,,,4.0,,
54-20,54.6224,20.586166666666667,1.0,,,1.0,1.0
54-21,54.79396666666667,21.532633333333333,3.0,,,,
54-32,54.528033333333326,32.70896666666667,,,3.0,,
54-33,54.5618,33.1681,,,1.0,,
54-38,54.2823,38.2438,,,1.0,,
54-39,54.39395,39.49315,,,,1.0,3.0
54-41,54.1873,41.6621,,,,,1.0
54-42,54.151,42.63570000000001,,,1.0,2.0,
54-43,54.42466666666667,43.604733333333336,,,,3.0,
54-45,54.50356000000001,45.72714,2.0,,2.0,,1.0
54-46,54.31065,46.71495,,,1.0,,1.0
54-47,54.85724999999999,47.68005,1.0,,,,1.0
54-48,54.2389,48.2887,,,1.0,,
54-52,54.4214,52.218,,,,1.0,
54-54,54.49525,54.60735,,,1.0,,1.0
54-55,54.1981,55.329,,,,,1.0
54-56,54.85,56.1055,,,1.0,,
54-59,54.4923,59.9507,,,1.0,,1.0
54-60,54.4577375,60.46375625,,,10.0,4.0,2.0
54-61,54.44759361702127,61.48018936170213,,,11.0,31.0,5.0
54-62,54.483132000000005,62.424132,1.0,,5.0,19.0,
54-63,54.72321621621621,63.4956054054054,1.0,,12.0,24.0,
54-64,54.58883333333333,64.844,,,,3.0,
54-65,54.56196666666667,65.31779999999999,,,2.0,1.0,
54-66,54.758399999999995,66.38149999999999,,,1.0,6.0,
54-67,54.9314,67.48794,4.0,,1.0,5.0,
54-71,54.66958809523809,71.5985380952381,32.0,,7.0,3.0,
54-72,54.67756764705883,72.42623529411765,29.0,,3.0,2.0,
54-73,54.563958823529404,73.78071764705882,14.0,,,3.0,
54-74,54.58351219512195,74.48932439024391,33.0,,7.0,1.0,
54-75,54.3914081967213,75.56072950819672,58.0,,3.0,,
54-76,54.570379310344826,76.52569655172414,28.0,,1.0,,
54-77,54.54152839506172,77.59295308641975,74.0,,7.0,,
54-78,54.43619152542373,78.35487627118644,53.0,,3.0,1.0,2.0
54-79,54.37612162162162,79.2957054054054,28.0,,7.0,2.0,
54-80,54.543179545454535,80.32602954545455,41.0,,3.0,,
54-81,54.624275000000004,81.60895000000001,4.0,,,,
54-82,54.7463,82.33251111111112,5.0,,4.0,,
54-83,54.432939999999995,83.67352,3.0,,2.0,,
54-84,54.59340000000001,84.56794,1.0,,3.0,1.0,
54-85,54.7613,85.49680000000001,,,3.0,,
54-86,54.51253076923077,86.43874615384614,5.0,,7.0,1.0,
54-87,54.0962,87.3347,,,1.0,,
54-89,54.3495,89.2939,,,1.0,,
54-90,54.313125,90.5171,,,4.0,,
54-91,54.611689999999996,91.27563,5.0,,5.0,,
54-92,54.34401111111111,92.42766666666667,,,8.0,,1.0
54-93,54.573802272727264,93.66491590909091,7.0,,35.0,2.0,
54-98,54.77719999999999,98.29963333333335,,,3.0,,
54-99,54.60833333333333,99.57296666666667,2.0,,1.0,,
55-100,55.5443,100.8342,,,1.0,,
55-101,55.6176625,101.20864999999999,1.0,,7.0,,
55-103,55.04859999999999,103.8312,,,2.0,,
55-104,55.256388888888885,104.15832777777777,1.0,,14.0,3.0,
55-111,55.9163,111.427,3.0,,,,
55-121,55.19086,121.39972,,,4.0,1.0,
55-122,55.369725,122.50699999999999,1.0,,13.0,2.0,
55-123,55.10102857142857,123.42382857142854,,,7.0,,
55-124,55.34592631578947,124.44407368421052,,,16.0,3.0,
55-125,55.515123076923075,125.47492307692308,2.0,,23.0,1.0,
55-126,55.58878095238095,126.58377142857142,3.0,,17.0,1.0,
55-127,55.59641538461539,127.24823076923077,2.0,,11.0,,
55-128,55.699022222222226,128.61282222222223,2.0,,15.0,,1.0
55-129,55.32041,129.49253500000003,1.0,,17.0,2.0,
55-130,55.173438461538474,130.4652923076923,,,12.0,1.0,
55-131,55.2724,131.85456666666667,,,2.0,1.0,
55-132,55.54378714285715,132.61157142857147,1.0,,64.0,5.0,
55-133,55.25384166666666,133.64209166666663,,,9.0,3.0,
55-134,55.48338333333333,134.4862916666667,,,10.0,2.0,
55-135,55.57651666666666,135.31405,,,4.0,2.0,
55-36,55.8262,36.4583,,,,1.0,
55-37,55.507400000000004,37.7761,,,1.0,1.0,
55-41,55.0777,41.9433,,,,,1.0
55-42,55.1096,42.39265,,,2.0,,
55-44,55.8186,44.5217,,,1.0,,
55-45,55.32015,45.504,,,,2.0,
55-46,55.0942,46.0682,,,1.0,,
55-47,55.392966666666666,47.251599999999996,1.0,,1.0,,1.0
55-48,55.0328,48.2865,1.0,,,,
55-54,55.6551,54.8127,,,,1.0,
55-57,55.7449,57.9956,,,1.0,,
55-58,55.0729,58.9884,,,,1.0,
55-59,55.28325,59.6756,,,2.0,,
55-60,55.09226666666666,60.683099999999996,,,,3.0,
55-61,55.398222727272724,61.670231818181826,,2.0,7.0,13.0,
55-62,55.461704761904755,62.48784126984127,,,19.0,44.0,
55-63,55.40108333333333,63.55484444444445,1.0,,5.0,9.0,3.0
55-64,55.566500000000005,64.44178571428571,,,1.0,4.0,2.0
55-65,55.392890909090916,65.24713636363637,5.0,,9.0,6.0,2.0
55-66,55.41235833333334,66.55005000000001,3.0,,5.0,4.0,
55-67,55.57903529411765,67.35354411764706,4.0,,1.0,27.0,2.0
55-68,55.25816,68.23169999999999,,,2.0,2.0,1.0
55-69,55.760400000000004,69.338,1.0,,,,1.0
55-70,55.30454285714285,70.70168571428572,8.0,,1.0,5.0,
55-71,55.38686964285715,71.5299,47.0,,5.0,1.0,3.0
55-72,55.48477719298246,72.4933350877193,50.0,,3.0,1.0,3.0
55-73,55.40137391304348,73.51608260869565,17.0,,,,6.0
55-74,55.41927142857143,74.46809523809523,12.0,,6.0,2.0,1.0
55-75,55.50914375000001,75.58052187499999,54.0,,7.0,1.0,2.0
55-76,55.55628076923077,76.38047692307693,22.0,,4.0,,
55-77,55.14546875,77.3505375,13.0,,,1.0,2.0
55-78,55.388960000000004,78.42802400000001,22.0,,2.0,,1.0
55-79,55.19449166666667,79.67453333333333,11.0,,1.0,,
55-80,55.305745945945944,80.46797567567567,37.0,,,,
55-81,55.17538,81.35934000000002,7.0,,3.0,,
55-82,55.39813076923076,82.77111538461538,6.0,,7.0,,
55-83,55.57696666666667,83.58675,2.0,,3.0,1.0,
55-84,55.367875,84.568375,1.0,,1.0,2.0,
55-85,55.39890909090909,85.35531818181818,5.0,,5.0,1.0,
55-86,55.24875999999999,86.28262000000001,,,4.0,1.0,
55-88,55.607352941176465,88.61738823529411,2.0,,14.0,1.0,
55-89,55.43646091954022,89.70965632183908,80.0,,7.0,,
55-90,55.47339645390071,90.49935319148936,132.0,,8.0,1.0,
55-91,55.43652068965517,91.29943448275863,18.0,,10.0,1.0,
55-93,55.865559999999995,93.71304,,,5.0,,
55-94,55.51835294117647,94.5446588235294,2.0,,15.0,,
55-95,55.50716,95.34054,1.0,,4.0,,
55-96,55.5357,96.55533333333334,,,3.0,,
55-97,55.77848571428571,97.70697142857144,3.0,,4.0,,
55-98,55.60259,98.46955999999999,,,10.0,,
55-99,55.1499,99.4062,,,1.0,,
56-100,56.1639,100.96185,,,2.0,,
56-101,56.50909166666667,101.59509999999999,,,10.0,2.0,
56-102,56.4543,102.0826,,,1.0,,
56-104,56.24478999999999,104.26080999999999,,,9.0,1.0,
56-105,56.88053333333334,105.63396666666665,,,3.0,,
56-107,56.0152,107.481,,,1.0,,
56-115,56.25235,115.74375,,,2.0,,
56-118,56.81315,118.18725,,,2.0,,
56-123,56.34671666666667,123.60995000000001,,,5.0,1.0,
56-126,56.5067,126.8903,,,1.0,,
56-127,56.59748571428572,127.52231428571429,1.0,,6.0,,
56-128,56.76351428571429,128.7274142857143,1.0,,6.0,,
56-129,56.83591666666667,129.59883333333335,,,6.0,,
56-130,56.8172,130.3732,,,1.0,,
56-131,56.65142857142856,131.3727142857143,,,14.0,,
56-134,56.0457,134.6586,,,15.0,1.0,
56-135,56.82592911392405,135.4867025316456,1.0,,63.0,12.0,3.0
56-136,56.15024285714286,136.56809047619046,2.0,,15.0,3.0,1.0
56-137,56.9573,137.8575,,,1.0,,
56-161,56.631,161.3299,,,,1.0,
56-38,56.4953,38.176,,,1.0,,
56-50,56.411,50.7559,1.0,,,,
56-57,56.4284,57.8897,,,1.0,,
56-58,56.2476,58.2659,,,,,1.0
56-60,56.7243,60.4976,,,1.0,,
56-62,56.420817647058826,62.37742352941176,,,5.0,11.0,1.0
56-63,56.44426875,63.760268749999994,1.0,,2.0,5.0,8.0
56-64,56.84846470588235,64.55648823529411,2.0,6.0,4.0,5.0,
56-65,56.59500454545454,65.70450909090907,1.0,,7.0,11.0,3.0
56-66,56.77078965517241,66.27691034482758,7.0,,2.0,18.0,2.0
56-67,56.6068,67.36845,1.0,,,1.0,
56-68,56.867075,68.4101,1.0,,1.0,1.0,1.0
56-69,56.644499999999994,69.5027,1.0,,1.0,,
56-70,56.7212,70.43397142857143,3.0,,1.0,,3.0
56-71,56.23715,71.50959285714285,12.0,,,1.0,1.0
56-72,56.0686,72.18780000000001,2.0,,,,
56-73,56.351543750000005,73.34978125,16.0,,,,
56-74,56.453088,74.51594,18.0,,5.0,2.0,
56-75,56.34236666666666,75.15628333333335,2.0,,3.0,1.0,
56-76,56.283075,76.54235,3.0,,1.0,,
56-77,56.25856,77.40559999999999,4.0,,1.0,,
56-79,56.0732,79.831,,,1.0,,
56-80,56.87864999999999,80.97115,,,2.0,,
56-83,56.576440000000005,83.74236,,,4.0,1.0,
56-84,56.51021818181819,84.3253,1.0,,9.0,1.0,
56-85,56.46806,85.52722,,,4.0,1.0,
56-86,56.545204000000005,86.548712,8.0,,12.0,4.0,1.0
56-87,56.344257142857145,87.15052857142857,3.0,,3.0,,1.0
56-88,56.3406,88.475,1.0,,,,
56-89,56.1396,89.39763846153848,3.0,1.0,7.0,2.0,
56-90,56.402966666666664,90.4483,8.0,,9.0,1.0,
56-91,56.0318,91.7391,,,,,1.0
56-92,56.54364999999999,92.85308333333334,,,5.0,,1.0
56-93,56.65277999999999,93.39787,3.0,,7.0,,
56-94,56.84674,94.6605,,,5.0,,
56-95,56.503403225806466,95.50839032258062,13.0,,17.0,1.0,
56-96,56.68844444444445,96.58286666666667,2.0,,6.0,1.0,
56-97,56.56041428571429,97.61750952380953,4.0,,13.0,4.0,
56-98,56.51527142857143,98.38499999999999,2.0,,5.0,,
56-99,56.2773,99.52125000000001,,,4.0,,
57-100,57.7784625,100.23280625,,,16.0,,
57-101,57.56922857142858,101.71780357142856,,,24.0,4.0,
57-102,57.50930000000001,102.59716,1.0,,5.0,4.0,
57-103,57.340066666666665,103.04323333333333,,,2.0,1.0,
57-104,57.178733333333334,104.09016666666668,,,5.0,1.0,
57-121,57.69166,121.88758,,,5.0,,
57-122,57.7268,122.55635000000001,,,2.0,,
57-123,57.470033333333326,123.57616666666667,,1.0,8.0,,
57-124,57.86945,124.7976,,,2.0,,
57-125,57.462633333333336,125.07141666666666,,1.0,5.0,,
57-126,57.1658,126.9019,,,1.0,,
57-127,57.30315,127.6169,,,2.0,,
57-128,57.6445,128.6916375,1.0,,6.0,1.0,
57-129,57.711470370370364,129.3968592592593,1.0,,25.0,1.0,
57-130,57.47686557377049,130.56390327868854,2.0,,48.0,11.0,
57-131,57.26482000000001,131.486725,,,19.0,,1.0
57-133,57.32420882352942,133.4120882352941,1.0,,29.0,4.0,
57-134,57.305733333333336,134.3968,,,,3.0,
57-135,57.36687972972974,135.57301216216212,2.0,,55.0,16.0,1.0
57-136,57.38805238095239,136.52136666666664,3.0,1.0,35.0,2.0,1.0
57-137,57.021270833333325,137.3240125,1.0,,21.0,2.0,
57-138,57.250975,138.603925,1.0,,3.0,,
57-38,57.5157,38.3255,,,1.0,,
57-43,57.13,43.8587,1.0,,,,
57-47,57.6419,47.9139,,,1.0,,
57-48,57.5626,48.5245,,,,1.0,
57-56,57.64765,56.706,1.0,,,1.0,
57-57,57.42205,57.22955,,,1.0,1.0,
57-58,57.7501,58.2095,,,,1.0,
57-60,57.310975,60.31305,,,3.0,1.0,
57-61,57.2303,61.2253,,,,1.0,
57-62,57.945479999999996,62.555859999999996,,,3.0,,2.0
57-63,57.745400000000004,63.203,,,,2.0,
57-64,57.449912499999996,64.337125,,,6.0,,2.0
57-65,57.49185,65.75673846153846,1.0,,14.0,3.0,8.0
57-66,57.35575714285714,66.44732857142857,4.0,,2.0,1.0,
57-67,57.72446666666667,67.5464,,,3.0,,
57-68,57.31566,68.47136,,,1.0,4.0,
57-70,57.57645,70.669,1.0,,1.0,,
57-72,57.0688,72.8905,,,1.0,,
57-73,57.244,73.4543,1.0,,,,
57-75,57.7378,75.48066666666666,2.0,,1.0,,
57-76,57.64899333333334,76.45674,,,14.0,1.0,
57-77,57.83263333333333,77.86336666666666,,,3.0,,
57-78,57.72763,78.45888,,,8.0,2.0,
57-79,57.79676666666666,79.5247,,,3.0,,
57-80,57.43610652173913,80.44869782608696,,,45.0,1.0,
57-82,57.067433333333334,82.26536666666667,,,3.0,,
57-83,57.71764,83.57186,5.0,,10.0,,
57-84,57.587328571428586,84.40612380952383,5.0,,54.0,4.0,
57-85,57.407975,85.4975,4.0,,4.0,,
57-86,57.34416153846154,86.5094,2.0,,9.0,2.0,
57-87,57.12508333333333,87.42129999999999,6.0,,,,
57-89,57.497375,89.72337499999999,,,4.0,,
57-90,57.152969999999996,90.56714000000001,,,8.0,2.0,
57-91,57.58275,91.671325,1.0,,7.0,,
57-92,57.8778,92.51093125,2.0,,14.0,,
57-93,57.87996379310344,93.57370000000002,2.0,,55.0,1.0,
57-94,57.68019047619047,94.3576119047619,2.0,,37.0,1.0,2.0
57-95,57.592482125603865,95.3953657004831,5.0,,97.0,7.0,98.0
57-96,57.669342929292924,96.31163686868688,1.0,,190.0,7.0,
57-97,57.57252249999999,97.591035,,,38.0,2.0,
57-98,57.64884923076923,98.69411692307692,,,58.0,7.0,
57-99,57.75247499999999,99.244645,1.0,,16.0,3.0,
58-100,58.82851428571429,100.30361428571427,1.0,,6.0,,
58-101,58.83665294117647,101.70644117647058,5.0,,12.0,,
58-102,58.659666666666666,102.32927222222222,3.0,,15.0,,
58-103,58.56115,103.5455,,,4.0,,
58-104,58.4899,104.80359999999999,,,2.0,,
58-106,58.03295,106.5513,,,2.0,,
58-107,58.136975,107.101325,,,4.0,,
58-123,58.53015,123.88544999999999,,,2.0,,
58-124,58.504325,124.224225,,,4.0,,
58-126,58.42595,126.45625000000001,,,2.0,,
58-128,58.09836428571429,128.75582857142857,,,14.0,,
58-129,58.407945454545455,129.26417272727272,,,11.0,,
58-130,58.23057272727274,130.2045272727273,,,11.0,,
58-131,58.72226923076924,131.3580846153846,,,9.0,4.0,
58-132,58.707925,132.4691125,,,5.0,3.0,
58-133,58.59576956521738,133.6212304347826,1.0,,21.0,1.0,
58-134,58.659245454545456,134.4142272727273,1.0,,19.0,2.0,
58-135,58.48189565217391,135.73652173913047,2.0,,20.0,1.0,
58-136,58.236272727272734,136.82967727272728,,,21.0,1.0,
58-137,58.24195,137.12625,1.0,,1.0,,
58-138,58.07528,138.17593,,,9.0,1.0,
58-140,58.62974680851063,140.598785106383,3.0,,41.0,3.0,
58-141,58.9401375,141.041475,,,7.0,1.0,
58-29,58.528,29.8586,,,1.0,,
58-30,58.1183,30.2439,,,1.0,,
58-42,58.46265,42.956900000000005,1.0,,1.0,,
58-43,58.995,43.1487,,,1.0,,
58-44,58.3433,44.6825,,,1.0,,
58-47,58.8198,47.9192,,,1.0,,
58-53,58.911,53.3145,,,1.0,,
58-57,58.8728,57.555,,,,1.0,
58-58,58.3967,58.332433333333334,,,2.0,1.0,
58-59,58.4913,59.0303,,,1.0,,
58-62,58.21102,62.653499999999994,,,4.0,1.0,
58-63,58.06015,63.364149999999995,,,1.0,1.0,
58-64,58.2681625,64.58812499999999,,,12.0,4.0,
58-65,58.06386,65.31768,,,5.0,,
58-67,58.5392,67.4603,,,1.0,,
58-68,58.483675000000005,68.38470000000001,2.0,,2.0,,
58-69,58.7659,69.0881,,,,1.0,
58-72,58.3919,72.3182,,,1.0,,
58-74,58.59276666666667,74.62193333333333,,,3.0,,
58-75,58.6675,75.35283333333332,,,3.0,,
58-76,58.67691410256408,76.80041538461538,12.0,,37.0,29.0,
58-77,58.57916137931034,77.43881793103448,38.0,,73.0,34.0,
58-78,58.62554769230769,78.36202615384614,,,48.0,17.0,
58-79,58.7035,79.44800833333333,5.0,,5.0,2.0,
58-80,58.61508421052631,80.3038052631579,1.0,,15.0,3.0,
58-81,58.61510212765958,81.68063085106382,41.0,,38.0,15.0,
58-82,58.535545454545456,82.5270272727273,16.0,,44.0,6.0,
58-83,58.47460769230769,83.23673461538462,3.0,,21.0,2.0,
58-84,58.344835593220346,84.59418813559321,14.0,,42.0,3.0,
58-85,58.59060606060606,85.28087878787876,5.0,,24.0,4.0,
58-86,58.565822222222224,86.71175555555554,16.0,,30.0,17.0,
58-87,58.49651428571429,87.31032857142857,,,44.0,12.0,
58-88,58.66235,88.2998875,,,13.0,3.0,
58-89,58.911750000000005,89.65240735294117,1.0,,65.0,2.0,
58-91,58.31286,91.92184,1.0,,4.0,,
58-92,58.32037222222223,92.4379537037037,6.0,,39.0,9.0,
58-93,58.203386956521726,93.4971695652174,,,44.0,2.0,
58-94,58.80461297709924,94.80646030534352,,,123.0,8.0,
58-95,58.7964396713615,95.34868802816902,3.0,,406.0,17.0,
58-96,58.827407467532474,96.34758863636364,,,282.0,26.0,
58-97,58.4455111111111,97.58938888888889,,,27.0,,
58-98,58.425917142857145,98.60245428571429,1.0,,31.0,2.0,1.0
58-99,58.39525238095238,99.10501904761904,,,76.0,2.0,6.0
59-100,59.21750833333332,100.37908888888889,3.0,4.0,29.0,,
59-101,59.187430000000006,101.43606000000001,,,10.0,,
59-102,59.9395,102.8708,,,2.0,,
59-103,59.94645,103.9919,,,2.0,,
59-112,59.6477,112.7945,,,1.0,,
59-127,59.5134,127.9101,,,1.0,,
59-128,59.8919125,128.9595625,,,8.0,,
59-129,59.413199999999996,129.522525,,,2.0,2.0,
59-130,59.46484489795918,130.68184387755102,,,91.0,7.0,
59-131,59.609502238805966,131.71007313432835,,,109.0,25.0,
59-132,59.647018729096985,132.57601772575254,3.0,1.0,177.0,118.0,
59-133,59.64166825938567,133.3150542662116,2.0,,102.0,189.0,
59-134,59.77181639344263,134.7597762295082,,,50.0,72.0,
59-135,59.446594000000005,135.75431199999997,5.0,,81.0,14.0,
59-136,59.72663076923076,136.1996346153846,2.0,,22.0,2.0,
59-138,59.51923333333334,138.5286,1.0,,2.0,,
59-139,59.545080000000006,139.87492,,,5.0,,
59-140,59.439099999999996,140.10963333333333,,,9.0,3.0,
59-142,59.69602000000001,142.70057000000003,,,10.0,,
59-144,59.90508571428571,144.78923571428572,,,14.0,,
59-150,59.96922000000001,150.22534000000002,,,,5.0,
59-151,59.676474999999996,151.31840000000003,,,1.0,3.0,
59-29,59.3205,29.1336,,,1.0,,
59-42,59.0327,42.2299,,,1.0,,
59-43,59.474,43.9558,,,,1.0,
59-44,59.8528,44.5392,,,,1.0,
59-48,59.0416,48.2451,,,1.0,,
59-54,59.1004,54.3478,,,,1.0,
59-56,59.144850000000005,56.864900000000006,1.0,,,1.0,
59-61,59.11235,61.60255,,,,,2.0
59-62,59.295,62.2135,,,,1.0,
59-63,59.4763,63.2592,,,1.0,,
59-64,59.781,64.789,,,1.0,,
59-65,59.809571428571424,65.55879285714285,,,13.0,1.0,
59-66,59.776,66.68275714285713,,,13.0,1.0,
59-67,59.71830909090909,67.33176363636363,,,20.0,13.0,
59-68,59.817988571428565,68.4016942857143,,,33.0,2.0,
59-69,59.84925,69.78649999999999,,,1.0,1.0,
59-71,59.89596666666667,71.27746666666667,,,3.0,,
59-73,59.6368,73.2681,,,2.0,,
59-74,59.6138,74.60643125,,,15.0,1.0,
59-75,59.67346875,75.4517125,,,28.0,4.0,
59-76,59.52605555555556,76.80791777777777,,,39.0,6.0,
59-77,59.6800062015504,77.69160232558139,14.0,,59.0,56.0,
59-78,59.730922023809526,78.41345476190476,30.0,,85.0,53.0,
59-79,59.577875,79.62746250000001,55.0,,10.0,7.0,
59-80,59.474800598802396,80.50468862275449,77.0,,72.0,18.0,
59-81,59.66426,81.22554083333333,14.0,,80.0,26.0,
59-82,59.46571865671641,82.71511268656717,42.0,,49.0,43.0,
59-83,59.49034698795181,83.35257469879518,28.0,,33.0,22.0,
59-84,59.15598000000001,84.83145333333333,,,14.0,1.0,
59-85,59.412010638297865,85.4665425531915,1.0,1.0,44.0,1.0,
59-86,59.12232499999999,86.25259166666667,1.0,,11.0,,
59-87,59.44018260869566,87.62056086956521,1.0,,20.0,2.0,
59-88,59.70272413793102,88.54000919540228,3.0,,68.0,16.0,
59-89,59.60856,89.71867833333332,,,58.0,2.0,
59-90,59.26563944954129,90.4138756880734,5.0,,193.0,20.0,
59-91,59.55057142857142,91.2440857142857,,,7.0,,
59-92,59.47461923076923,92.44320384615382,,,26.0,,
59-93,59.626823287671236,93.52491986301371,,,143.0,3.0,
59-94,59.56019074074074,94.5660537037037,,,213.0,3.0,
59-95,59.19821986455982,95.38829661399548,,,429.0,14.0,
59-96,59.135131,96.319191,1.0,,95.0,4.0,
59-97,59.50736333333334,97.46894333333334,,,58.0,2.0,
59-98,59.480044680851044,98.47783617021275,1.0,,46.0,,
59-99,59.33222542372881,99.28906610169491,,,57.0,2.0,
60-100,60.0837,100.28774999999999,,,2.0,,
60-101,60.278059999999996,101.970315,,,20.0,,
60-102,60.42961764705882,102.13610588235295,5.0,,28.0,,1.0
60-103,60.25405000000001,103.28115,,,2.0,,
60-104,60.2861,104.021,,,1.0,,
60-107,60.66885,107.56808333333333,,,6.0,,
60-108,60.952349999999996,108.10034999999999,,,2.0,,
60-109,60.1458,109.0901,,,,1.0,
60-115,60.87493333333333,115.38199999999999,,,3.0,,
60-127,60.87625999999999,127.14889999999998,,,15.0,,
60-128,60.64805,128.966075,,,4.0,,
60-129,60.92823850931678,129.641949689441,,,40.0,121.0,
60-130,60.502066666666664,130.49143846153842,,,25.0,14.0,
60-132,60.35322780487805,132.55554536585365,,,143.0,61.0,1.0
60-133,60.36678802395208,133.56754431137722,2.0,,203.0,128.0,1.0
60-134,60.486360233918134,134.20114795321638,,,103.0,68.0,
60-135,60.625704545454546,135.60195974025973,,,425.0,36.0,1.0
60-136,60.34724831460674,136.4966404494382,,,83.0,6.0,
60-137,60.46335714285715,137.5290857142857,,,7.0,,
60-138,60.107825000000005,138.62815,,,4.0,,
60-139,60.46505714285714,139.34955714285715,1.0,,11.0,2.0,
60-140,60.60812727272727,140.1942272727273,,,11.0,,
60-141,60.27071111111112,141.5448888888889,1.0,,7.0,1.0,
60-142,60.4451,142.75535,,,1.0,1.0,
60-146,60.0812,146.7147,,,1.0,,
60-152,60.9739,152.7227,,,,1.0,
60-29,60.4173,29.2152,,,1.0,,
60-43,60.6793,43.9484,,,1.0,,
60-44,60.2285,44.3256,,,1.0,,
60-52,60.3365,52.0677,,,1.0,,
60-64,60.234849999999994,64.574325,,,3.0,1.0,
60-65,60.26185999999999,65.60954,,,4.0,1.0,
60-66,60.373447999999996,66.88150399999999,,,23.0,2.0,
60-67,60.243900000000004,67.46414600000001,,,49.0,1.0,
60-68,60.462635135135145,68.50424054054055,1.0,,31.0,4.0,1.0
60-69,60.42549146341462,69.43755731707317,2.0,,66.0,14.0,
60-70,60.75636666666667,70.75821666666667,1.0,,10.0,1.0,
60-71,60.470756249999994,71.534075,,,14.0,2.0,
60-72,60.6737,72.58492000000001,,,5.0,,
60-73,60.87374615384616,73.62791538461539,,,8.0,5.0,
60-74,60.41705454545454,74.13047272727273,,,9.0,2.0,
60-75,60.0765,75.52,,,1.0,,
60-76,60.507716025641024,76.6422262820513,65.0,,85.0,6.0,
60-77,60.343343108504406,77.55782785923753,63.0,,213.0,65.0,
60-78,60.37821123595505,78.39109719101124,44.0,,91.0,43.0,
60-79,60.85713928571429,79.22884642857143,3.0,,24.0,1.0,
60-80,60.803052307692305,80.52699384615383,8.0,,48.0,9.0,
60-81,60.82671428571429,81.71370714285715,,,11.0,3.0,
60-82,60.3690806451613,82.36400322580644,11.0,,12.0,8.0,
60-83,60.23511176470589,83.58911764705883,1.0,,15.0,1.0,
60-84,60.76165,84.58795,1.0,,3.0,,
60-85,60.39243333333334,85.26516666666667,1.0,,2.0,,
60-86,60.74563846153847,86.51753076923076,2.0,,8.0,3.0,
60-87,60.30442162162163,87.73975405405406,,,30.0,7.0,
60-88,60.504449253731345,88.70699402985075,4.0,,123.0,7.0,
60-89,60.46573236514523,89.33892199170124,2.0,,230.0,9.0,
60-90,60.14308666666666,90.06632999999998,,,27.0,3.0,
60-91,60.596262686567165,91.68352388059702,,,6.0,61.0,
60-92,60.44949105691056,92.74439024390244,,,121.0,2.0,
60-93,60.458914440433205,93.48463393501805,2.0,,275.0,,
60-94,60.1598235632184,94.34604367816091,,,174.0,,
60-95,60.10898571428571,95.45395714285713,,,7.0,,
60-96,60.41851428571429,96.44234285714285,1.0,,6.0,,
60-97,60.48066,97.53482000000001,1.0,,4.0,,
60-98,60.705600000000004,98.86765,,,2.0,,
61-105,61.3205,105.8438,,,1.0,,
61-106,61.4077,106.149,,,1.0,,
61-107,61.479275,107.3581,,,4.0,,
61-114,61.3065,114.8418,,,1.0,,
61-121,61.8418,121.7863,,,1.0,,
61-126,61.51628108108109,126.5545756756757,,,29.0,8.0,
61-127,61.31356333333334,127.38376,,,21.0,9.0,
61-128,61.394589999999994,128.322785,,,20.0,,
61-129,61.231418181818185,129.6796590909091,,,10.0,12.0,
61-130,61.0073,130.0053,,,,1.0,
61-131,61.17870833333333,131.97934166666664,,,12.0,,
61-132,61.219606818181816,132.48736931818183,,,88.0,,
61-133,61.48520404624278,133.78924508670522,2.0,,161.0,10.0,
61-134,61.25311546762591,134.47022553956833,1.0,,258.0,19.0,
61-135,61.505143243243246,135.49863074324324,5.0,,269.0,22.0,
61-136,61.826975000000004,136.028125,,,3.0,1.0,
61-137,61.74445,137.21102499999998,,,4.0,,
61-138,61.939499999999995,138.71495,,,2.0,,
61-140,61.4459,140.7637,,,1.0,,
61-149,61.3243375,149.50277499999999,,,8.0,,
61-150,61.1928,150.58525,,,,2.0,
61-36,61.7988,36.0121,,,1.0,,
61-42,61.12,42.243875,,,4.0,,
61-43,61.2575,43.74,,,1.0,,
61-45,61.887,45.1665,,,1.0,,
61-55,61.7435,55.1872,,,1.0,,
61-57,61.7966,57.541,,,,1.0,
61-60,61.236,60.4802,,,1.0,,
61-62,61.1675,62.6875,,,1.0,,
61-63,61.9551,63.5348,,,1.0,,
61-65,61.9243,65.64,,,1.0,,
61-66,61.42888000000001,66.34103,,,10.0,,
61-67,61.632262499999996,67.379265625,3.0,,20.0,9.0,
61-68,61.399702631578954,68.58116842105264,4.0,,28.0,6.0,
61-69,61.303616000000005,69.519034,3.0,,41.0,6.0,
61-70,61.4142287878788,70.6685606060606,4.0,,44.0,18.0,
61-71,61.42885087719298,71.54785789473684,,,44.0,13.0,
61-72,61.390847619047626,72.32136666666668,1.0,,15.0,5.0,
61-73,61.373002272727284,73.68662272727273,,,37.0,7.0,
61-74,61.51940492957746,74.39538873239437,2.0,,82.0,58.0,
61-75,61.630250000000004,75.56094615384615,,,13.0,13.0,
61-76,61.64761818181819,76.39344999999999,,,18.0,4.0,
61-77,61.30503285714284,77.39538857142858,,,65.0,5.0,
61-78,61.945375,78.79557500000001,,,8.0,,
61-79,61.78625652173913,79.70994347826088,1.0,,22.0,,
61-80,61.34557837837838,80.4463472972973,,,62.0,12.0,
61-81,61.52135595238096,81.42429166666666,2.0,,151.0,15.0,
61-82,61.4299231884058,82.55372753623188,,,65.0,4.0,
61-83,61.396486363636356,83.41630454545454,,,43.0,1.0,
61-84,61.56905,84.41915192307694,1.0,,42.0,7.0,2.0
61-86,61.64828333333334,86.36174444444444,6.0,,10.0,2.0,
61-87,61.38431578947368,87.7668649122807,3.0,,53.0,1.0,
61-88,61.3062236453202,88.60491871921182,3.0,,400.0,2.0,1.0
61-89,61.22239999999999,89.11808571428571,,,27.0,1.0,
61-90,61.288712499999995,90.5592375,,,7.0,,1.0
61-92,61.76848731343284,92.53163656716418,,,127.0,7.0,
61-94,61.08443333333333,94.65006666666666,,,3.0,,
61-95,61.05645,95.01565,,,2.0,,
62-103,62.82705,103.10635,,,2.0,,
62-112,62.96698571428572,112.48148571428571,,,7.0,,
62-114,62.08678333333333,114.1537,,,18.0,,
62-124,62.85333857142856,124.24183142857143,,,67.0,3.0,
62-125,62.0820375,125.76783750000001,,,8.0,,
62-126,62.22366000000001,126.08342,,,5.0,,
62-127,62.29516666666666,127.093,,,3.0,,
62-128,62.33785555555554,128.72494444444447,,,9.0,,
62-129,62.470265624999996,129.503915625,,,32.0,,
62-130,62.44331000000001,130.57891999999998,,,10.0,,
62-131,62.219480000000004,131.76664666666667,,,14.0,1.0,
62-132,62.65767661290323,132.53992903225807,,,247.0,1.0,
62-133,62.75345000000001,133.14126944444445,,,69.0,3.0,
62-134,62.40377916666667,134.86429583333336,,,22.0,2.0,
62-135,62.35776492537314,135.5082880597015,1.0,,124.0,9.0,
62-136,62.629970370370366,136.3476703703704,,,27.0,,
62-137,62.197100000000006,137.8584,,,13.0,2.0,
62-138,62.328275000000005,138.30275,,,4.0,,
62-139,62.0936,139.1937,,,2.0,,
62-143,62.70781428571429,143.5535,,,6.0,1.0,
62-144,62.630229629629625,144.77374444444445,1.0,,15.0,11.0,
62-145,62.8183,145.92161724137932,,,3.0,26.0,
62-146,62.85785294117647,146.16645882352944,,,1.0,16.0,
62-147,62.5666,147.37545,,,2.0,,
62-148,62.119085714285724,148.8089857142857,1.0,,4.0,2.0,
62-149,62.920674999999996,149.8241,1.0,,3.0,,
62-150,62.0034,150.6885,,,1.0,,
62-152,62.7401,152.39708000000002,1.0,,8.0,,1.0
62-40,62.3281,40.4552,,,1.0,,
62-63,62.8575,63.0679,,,1.0,,
62-64,62.958,64.804,,,1.0,,
62-65,62.42465555555556,65.48088888888888,1.0,,8.0,,
62-66,62.3527,66.1438,,,,1.0,
62-67,62.12234285714286,67.32878571428571,,,5.0,2.0,
62-68,62.464825,68.43551666666667,,,9.0,3.0,
62-69,62.865779999999994,69.62294,,,4.0,1.0,
62-70,62.214085,70.40999,,,34.0,6.0,
62-71,62.00703333333333,71.02756666666666,,,2.0,1.0,
62-73,62.089435714285706,73.73002142857142,,,13.0,1.0,
62-74,62.41538333333333,74.27593333333333,,,,6.0,
62-75,62.481813333333335,75.53500000000001,,,15.0,15.0,
62-76,62.58462692307693,76.85990000000001,,,24.0,2.0,
62-77,62.521981249999996,77.37755000000001,,,16.0,,
62-78,62.640096428571425,78.67816071428571,,,28.0,,
62-79,62.625746534653466,79.62060792079208,,,101.0,,
62-80,62.58510370370371,80.52669629629632,1.0,,53.0,,
62-81,62.49452716049383,81.51192839506173,1.0,,77.0,3.0,
62-82,62.58966555555556,82.73796444444446,,,90.0,,
62-83,62.4773575,83.2267575,2.0,,37.0,1.0,
62-84,62.3407840425532,84.50648404255318,5.0,,80.0,9.0,
62-85,62.5272923076923,85.17817435897435,3.0,,28.0,8.0,
62-88,62.739666666666665,88.09609999999999,1.0,,2.0,,
63-102,63.24445,102.842375,2.0,,2.0,,
63-103,63.573858333333334,103.93057500000002,6.0,,6.0,,
63-104,63.720600000000005,104.64119285714285,17.0,,11.0,,
63-105,63.87933333333333,105.02889999999998,2.0,,4.0,,
63-111,63.14815,111.9755,,,2.0,,
63-116,63.1017,116.9629,,,1.0,,
63-119,63.5871,119.9642,,,1.0,,
63-120,63.23063333333334,120.76116666666667,,,3.0,,
63-121,63.111135999999995,121.39414799999999,3.0,,14.0,8.0,
63-122,63.83888,122.7903,1.0,,3.0,1.0,
63-123,63.446110476190476,123.66691999999999,,,105.0,,
63-124,63.61456,124.03776,,,5.0,,
63-127,63.235262500000005,127.9501625,,,4.0,4.0,
63-128,63.30685772357724,128.12346747967476,,,98.0,25.0,
63-129,63.1905,129.9969,,,1.0,,
63-131,63.17489418604652,131.20724534883718,,,75.0,11.0,
63-132,63.44742727272727,132.63265636363636,,,52.0,3.0,
63-135,63.55633333333334,135.59741111111114,,,7.0,2.0,
63-136,63.28612272727271,136.44269090909086,,,21.0,1.0,
63-137,63.59907777777778,137.82066666666665,,,9.0,,
63-138,63.580749999999995,138.173,,,2.0,,
63-140,63.818925,140.86472500000002,1.0,,15.0,4.0,
63-141,63.4855119047619,141.33976666666666,,1.0,29.0,12.0,
63-142,63.699530232558146,142.67066511627908,1.0,,32.0,10.0,
63-143,63.746680000000005,143.04903,,1.0,6.0,3.0,
63-145,63.74167142857143,145.81652857142856,,,3.0,4.0,
63-146,63.62635,146.02615,,,,2.0,
63-168,63.9875,168.9675,,,,1.0,
63-52,63.3372,52.7469,,,1.0,,
63-64,63.089749999999995,64.95525,,,2.0,,
63-65,63.54775,65.412475,1.0,,3.0,,
63-66,63.6210875,66.4752,,,6.0,2.0,
63-67,63.102175,67.7733,,,3.0,1.0,
63-69,63.376485714285714,69.71034285714286,,,7.0,,
63-70,63.852366666666676,70.70991666666667,,,6.0,,
63-71,63.83983333333333,71.50403333333333,,,3.0,,
63-72,63.799903636363624,72.42998181818183,,,46.0,9.0,
63-73,63.3592625,73.7401,,,6.0,2.0,
63-74,63.42145,74.60143333333333,,,1.0,5.0,
63-75,63.69875833333334,75.20140833333333,,,11.0,1.0,
63-76,63.245250000000006,76.55310666666668,,,23.0,1.0,6.0
63-77,63.55478000000001,77.91758,,,5.0,,
63-78,63.74024166666667,78.19272500000001,,,12.0,,
63-79,63.432602564102545,79.66212307692307,1.0,,34.0,4.0,
63-80,63.68645,80.3955,,,2.0,,
63-81,63.19704,81.49456869565216,1.0,,113.0,1.0,
63-82,63.10914090909091,82.46678181818181,,,21.0,1.0,
63-83,63.68996250000001,83.4834625,,,7.0,1.0,
63-84,63.37757857142857,84.7055,,,13.0,1.0,
63-85,63.4482125,85.74928750000001,,,7.0,1.0,
63-86,63.35618000000001,86.89932,,,3.0,2.0,
63-87,63.21257142857142,87.50442857142858,,,6.0,1.0,
63-88,63.042,88.2426,1.0,,,,
63-91,63.198187499999996,91.4963125,,,8.0,,
64-121,64.28967000000002,121.58330000000001,2.0,,6.0,2.0,
64-122,64.4855888888889,122.62333333333335,,,8.0,1.0,
64-125,64.7402,125.54842500000001,,,2.0,2.0,
64-129,64.06532857142857,129.97364285714286,,,7.0,,
64-132,64.07841250000001,132.20298125000002,,,16.0,,
64-134,64.8002,134.0171,,,1.0,,
64-135,64.5116,135.8713,,,1.0,,
64-137,64.4726,137.0112,,,1.0,,
64-138,64.4667,138.1456,,,1.0,,
64-140,64.7107,140.6399,,,2.0,,
64-141,64.51935,141.81795,1.0,,3.0,,
64-142,64.04674000000001,142.80563333333336,,,12.0,3.0,
64-143,64.30416666666666,143.4709,1.0,,5.0,,
64-144,64.73356666666668,144.7609,,,3.0,,
64-145,64.22414375,145.2260625,1.0,,9.0,6.0,
64-170,64.1625,170.0498,,,1.0,1.0,
64-40,64.55565,40.52705,,,2.0,,
64-44,64.0427,44.1507,,,1.0,,
64-57,64.6639,57.8804,1.0,,,,
64-65,64.5967,65.6181,,,2.0,1.0,
64-71,64.73795454545456,71.83942727272728,,,11.0,,
64-72,64.51828333333333,72.3026,,,6.0,,
64-73,64.39902222222221,73.54805555555555,,,8.0,1.0,
64-74,64.1759,74.4418,,,1.0,,
64-75,64.10220000000001,75.81344999999999,,,2.0,,
64-76,64.4965,76.61825,,,4.0,,
64-77,64.74651428571428,77.74260000000001,,,7.0,,
64-78,64.31169,78.09349999999999,,,10.0,,
64-79,64.35986,79.43433,,,8.0,2.0,
64-81,64.05992,81.87532000000002,,,5.0,,
64-84,64.9035,84.4075,,,1.0,,
64-85,64.0633,85.1046,,,1.0,,
65-119,65.2209,119.3489,,,1.0,,
65-133,65.74085,133.471,,,1.0,1.0,
65-135,65.99455,135.31575,,,1.0,1.0,
65-136,65.920275,136.41492499999998,,,3.0,1.0,
65-137,65.6672,137.604,,,1.0,,
65-138,65.4113,138.5047,,,,1.0,
65-139,65.8692,139.8195,1.0,,,,
65-142,65.9709,142.212075,,,4.0,,
65-145,65.6199,145.76408333333333,2.0,,4.0,,
65-148,65.0359,148.2421,,,1.0,,
65-44,65.8467,44.2144,,,1.0,,
65-64,65.1668,64.8172,,,1.0,,
65-78,65.26918571428571,78.26250952380953,,,21.0,,
65-80,65.27565,80.19125,,,2.0,,
65-81,65.4277,81.154325,,,4.0,,
65-83,65.0895,83.9216,,,1.0,,
65-84,65.2666,84.14762,,,5.0,,
65-85,65.4703,85.5721,,,1.0,,
65-87,65.372,87.63714999999999,,,2.0,,
66-100,66.83561428571427,100.41371428571428,7.0,,,,
66-110,66.3194,110.1028,1.0,,,,
66-129,66.49926666666666,129.7541,,,2.0,1.0,
66-133,66.4458,133.3822,,,,1.0,
66-135,66.1505,135.4654,,,2.0,,
66-136,66.3142,136.297,,,1.0,,
66-137,66.0509,137.69745,,,2.0,,
66-138,66.95545,138.1914,,,2.0,,
66-141,66.5342,141.9315,,,1.0,,
66-142,66.6358,142.2447,,,,1.0,
66-143,66.5740125,143.62279999999998,3.0,,11.0,2.0,
66-144,66.66093333333333,144.1418666666667,,,3.0,,
66-145,66.532475,145.426675,,,4.0,,
66-173,66.2957,173.1921,,,1.0,,
66-175,66.1732,175.8692,,,,1.0,
66-66,66.57255,66.6682,,,1.0,1.0,
66-75,66.44466666666666,75.74396666666667,,,1.0,2.0,
66-77,66.56962857142858,77.2880142857143,,,5.0,1.0,1.0
66-80,66.0601,80.7171,,,1.0,,
67-100,67.55600000000001,100.26187142857144,7.0,,,,
67-129,67.1728,129.8266,,,,1.0,
67-131,67.159,131.6334,,,1.0,,
67-135,67.3462,135.2341,,,1.0,,
67-165,67.77940000000001,165.93196666666665,,,3.0,,
67-166,67.8524,166.3634,,,1.0,,
67-75,67.8113,75.9952,,,1.0,,
67-80,67.8524,80.0248,,,1.0,,
68-131,68.2696,131.8982,,,1.0,,
68-138,68.7779,138.8484,,,1.0,,
68-139,68.2998,139.4044,2.0,,,,
68-142,68.1506,142.5601,,,1.0,,
68-143,68.3835,143.81,,,1.0,,
68-151,68.5863,151.5273,,,2.0,,
68-152,68.6029,152.08975,,,1.0,1.0,
68-153,68.7681888888889,153.88945555555557,,,9.0,,
68-154,68.40474999999999,154.84754999999998,,,4.0,,
68-155,68.48783333333334,155.34668333333335,,,6.0,,
68-30,68.6639,30.189,,,1.0,,
68-31,68.5966,31.5926,,,1.0,,
68-33,68.673,33.4148,,,1.0,,
68-34,68.8958,34.8839,,,1.0,,
69-132,69.3717,132.0224,,,1.0,,
69-30,69.4533,30.8769,,,1.0,,
70-68,70.3334,68.4347,,,,1.0,
